{
    "projector_img_size": [
        640,
        480
    ],
    "camera_img_size": [
        1280,
        720
    ],
    "M": [
        [
            1.2725156701030347,
            0.05853011309599863,
            174.4546702195008
        ],
        [
            0.28716817051548277,
            1.0862406634134056,
            90.86593571137674
        ],
        [
            0.0008948552607325245,
            -9.066515835145958e-06,
            1.0
        ]
    ]
}